{
    "loss": 7.80259895324707,
    "accuracy": 0.7023108005523682
}