{
    "loss": 11.35011100769043,
    "accuracy": 0.5246941447257996
}