{
    "loss": 4.051481246948242,
    "accuracy": 0.8028998374938965
}